/*
MySQL Data Transfer
Source Host: localhost
Source Database: db_dxz
Target Host: localhost
Target Database: db_dxz
Date: 2017/6/12 13:50:15
*/

SET FOREIGN_KEY_CHECKS=0;
-- ----------------------------
-- Table structure for t_stuassess
-- ----------------------------
CREATE TABLE `t_stuassess` (
  `Stu_SNo` varchar(32) NOT NULL,
  `StuAss_Id` varchar(32) NOT NULL,
  `StuAss_DataTime` datetime NOT NULL,
  `StuAss_Context` text NOT NULL,
  `StuAss_SNo` varchar(32) NOT NULL,
  `StuAss_relationship` varchar(32) default NULL,
  PRIMARY KEY  (`Stu_SNo`,`StuAss_Id`),
  CONSTRAINT `FK_T_StuInfo2T_StuAssess` FOREIGN KEY (`Stu_SNo`) REFERENCES `t_stuinfo` (`Stu_SNo`)
) ENGINE=InnoDB DEFAULT CHARSET=utf8;

-- ----------------------------
-- Table structure for t_stuinfo
-- ----------------------------
CREATE TABLE `t_stuinfo` (
  `Stu_SNo` varchar(32) NOT NULL,
  `Stu_Name` varchar(32) NOT NULL,
  `Stu_ClassName` varchar(32) default NULL,
  `Stu_Sex` char(2) default NULL,
  `Stu_Id` varchar(32) default NULL,
  `Stu_Nation` varchar(32) default NULL,
  `Stu_Bir` date default NULL,
  `Stu_Tel` varchar(32) default NULL,
  `Stu_Home` varchar(128) default NULL,
  `Stu_From` varchar(32) default NULL,
  `Stu_Photo` varchar(64) default NULL,
  `Stu_Assess` text,
  PRIMARY KEY  (`Stu_SNo`)
) ENGINE=InnoDB DEFAULT CHARSET=utf8;

-- ----------------------------
-- Table structure for t_stulog
-- ----------------------------
CREATE TABLE `t_stulog` (
  `Stu_SNo` varchar(32) NOT NULL,
  `L_ID` char(32) NOT NULL,
  `L_Time` varchar(32) NOT NULL,
  `L_Title` varchar(32) NOT NULL,
  `L_Detail` text NOT NULL,
  `L_Limits` char(1) NOT NULL,
  PRIMARY KEY  (`Stu_SNo`,`L_ID`),
  CONSTRAINT `FK_T_StuInfo2T_StuLog` FOREIGN KEY (`Stu_SNo`) REFERENCES `t_stuinfo` (`Stu_SNo`)
) ENGINE=InnoDB DEFAULT CHARSET=utf8;

-- ----------------------------
-- Table structure for t_stulogin
-- ----------------------------
CREATE TABLE `t_stulogin` (
  `Stu_SNo` varchar(32) NOT NULL,
  `US_Name` varchar(32) default NULL,
  `US_Password` varchar(32) NOT NULL,
  PRIMARY KEY  (`Stu_SNo`),
  CONSTRAINT `FK_T_StuInfo2T_StuLogin` FOREIGN KEY (`Stu_SNo`) REFERENCES `t_stuinfo` (`Stu_SNo`)
) ENGINE=InnoDB DEFAULT CHARSET=utf8;

-- ----------------------------
-- Table structure for t_sturewpun
-- ----------------------------
CREATE TABLE `t_sturewpun` (
  `Stu_SNo` varchar(32) NOT NULL,
  `SRP_ID` varchar(32) NOT NULL,
  `SRP_Time` date NOT NULL,
  `SRP_Info` text NOT NULL,
  `SRP_flag` char(1) NOT NULL,
  PRIMARY KEY  (`Stu_SNo`,`SRP_ID`),
  CONSTRAINT `FK_T_StuInfo2T_StuRewPun` FOREIGN KEY (`Stu_SNo`) REFERENCES `t_stuinfo` (`Stu_SNo`)
) ENGINE=InnoDB DEFAULT CHARSET=utf8;

-- ----------------------------
-- Table structure for t_stuscore
-- ----------------------------
CREATE TABLE `t_stuscore` (
  `Stu_SNo` varchar(32) NOT NULL,
  `SC_CourseName` varchar(32) NOT NULL,
  `SC_Term` char(1) NOT NULL,
  `SC_Score` decimal(3,0) NOT NULL,
  PRIMARY KEY  (`Stu_SNo`,`SC_CourseName`,`SC_Term`),
  CONSTRAINT `FK_T_StuInfo2T_StuScore` FOREIGN KEY (`Stu_SNo`) REFERENCES `t_stuinfo` (`Stu_SNo`)
) ENGINE=InnoDB DEFAULT CHARSET=utf8;

-- ----------------------------
-- Table structure for t_tassess
-- ----------------------------
CREATE TABLE `t_tassess` (
  `UT_No` varchar(32) NOT NULL,
  `Stu_SNo` varchar(32) NOT NULL,
  `TeaAss_ID` char(32) NOT NULL,
  `TeaAss_Time` datetime NOT NULL,
  `TeaAss_Context` text NOT NULL,
  `TeaAss_relationship` varchar(32) default NULL,
  PRIMARY KEY  (`UT_No`,`Stu_SNo`,`TeaAss_ID`),
  KEY `FK_T_StuInfo2T_Assess` (`Stu_SNo`),
  CONSTRAINT `FK_T_StuInfo2T_Assess` FOREIGN KEY (`Stu_SNo`) REFERENCES `t_stuinfo` (`Stu_SNo`),
  CONSTRAINT `FK_T_TeacLogin2T_StuInfo` FOREIGN KEY (`UT_No`) REFERENCES `t_teaclogin` (`UT_No`)
) ENGINE=InnoDB DEFAULT CHARSET=utf8;

-- ----------------------------
-- Table structure for t_teaclogin
-- ----------------------------
CREATE TABLE `t_teaclogin` (
  `UT_No` varchar(32) NOT NULL,
  `UT_Name` varchar(20) NOT NULL,
  `UT_NickNmae` varchar(32) default NULL,
  `UT_Password` varchar(32) NOT NULL,
  PRIMARY KEY  (`UT_No`)
) ENGINE=InnoDB DEFAULT CHARSET=utf8;

-- ----------------------------
-- Records 
-- ----------------------------
INSERT INTO `t_stuinfo` VALUES ('631406010102', '莫天金', '14级计科1班', '男', '500102xxxxxxxxxxxx', '汉', null, '18812341234', '重庆市某区县某小区某栋某层x号', '某某市', null, '111');
INSERT INTO `t_stuinfo` VALUES ('631406010109', '郭文浩', '14级计科1班', '男', '142733xxxxxxxxxxxx', '汉', null, '18812341234', '山西省某区县某小区某栋某层x号', '某某市', '', '高端大气上档次，低调奢华有内涵。我就是我，加油！');
INSERT INTO `t_stuinfo` VALUES ('631406010126', '王增辉', '14级计科1班', '男', '500102xxxxxxxxxxxx', '汉', null, '18812341234', '江苏省某区县某小区某栋某层x号', '某某市', null, '111');
INSERT INTO `t_stuinfo` VALUES ('631406070101', '华馨', '14级物联1班', '女', '632124xxxxxxxxxxxx', '藏族', null, '18812341234', '青海省某区县某小区某栋某层x号', '某某市', null, '');
INSERT INTO `t_stuinfo` VALUES ('631406070102', '熊妍', '14级物联1班', '女', '511321xxxxxxxxxxxx', '汉', null, '18812341234', '新疆省某区县某小区某栋某层x号', '某某市', null, '');
INSERT INTO `t_stuinfo` VALUES ('631406070103', '陶宏伟', '14级物联1班', '男', '500224xxxxxxxxxxxx', '汉', null, '18812341234', '重庆市某区县某小区某栋某层x号', '某某市', null, '');
INSERT INTO `t_stuinfo` VALUES ('631406070104', '吴彦起', '14级物联1班', '男', '131126xxxxxxxxxxxx', '汉', null, '18812341234', '河北省某区县某小区某栋某层x号', '某某市', null, '');
INSERT INTO `t_stuinfo` VALUES ('631406070105', '刘浪', '14级物联1班', '男', '500102xxxxxxxxxxxx', '汉', null, '18812341234', '重庆市某区县某小区某栋某层x号', '某某市', null, '');
INSERT INTO `t_stuinfo` VALUES ('631406070106', '宋杰', '14级物联1班', '男', '630104xxxxxxxxxxxx', '汉', null, '18812341234', '某省某区县某小区某栋某层x号', '某某市', null, '');
INSERT INTO `t_stuinfo` VALUES ('631406070108', '严武强', '14级物联1班', '男', '500225xxxxxxxxxxxx', '汉', null, '18812341234', '重庆市某区县某小区某栋某层x号', '某某市', null, '');
INSERT INTO `t_stuinfo` VALUES ('631406070109', '张亚飞', '14级物联1班', '女', '500382xxxxxxxxxxxx', '汉', null, '18812341234', '重庆市某区县某小区某栋某层x号', '某某市', null, '');
INSERT INTO `t_stuinfo` VALUES ('631406070110', '黄辉绵', '14级物联1班', '男', '441802xxxxxxxxxxxx', '壮', null, '18812341234', '广东省某区县某小区某栋某层x号', '某某市', null, '');
INSERT INTO `t_stuinfo` VALUES ('631406070111', '陈春樵', '14级物联1班', '男', '510703xxxxxxxxxxxx', '汉', null, '18812341234', '四川省某区县某小区某栋某层x号', '某某市', null, '');
INSERT INTO `t_stuinfo` VALUES ('631406070112', '卢文瑜', '14级物联1班', '女', '610302xxxxxxxxxxxx', '汉', null, '18812341234', '陕西省某区县某小区某栋某层x号', '某某市', null, '');
INSERT INTO `t_stuinfo` VALUES ('631406070113', '刘国鑫', '14级物联1班', '男', '411282xxxxxxxxxxxx', '汉', null, '18812341234', '河南省某区县某小区某栋某层x号', '某某市', null, '');
INSERT INTO `t_stuinfo` VALUES ('631406070114', '刘帅', '14级物联1班', '男', '500221xxxxxxxxxxxx', '汉', null, '18812341234', '重庆市某区县某小区某栋某层x号', '某某市', null, '');
INSERT INTO `t_stuinfo` VALUES ('631406070116', '田茂祝', '14级物联1班', '女', '500112xxxxxxxxxxxx', '汉', null, '18812341234', '重庆市某区县某小区某栋某层x号', '某某市', null, '');
INSERT INTO `t_stuinfo` VALUES ('631406070117', '冯静', '14级物联1班', '女', '500242xxxxxxxxxxxx', '土家族', null, '18812341234', '重庆市某区县某小区某栋某层x号', '某某市', null, '');
INSERT INTO `t_stuinfo` VALUES ('631406070118', '古睿', '14级物联1班', '男', '522501xxxxxxxxxxxx', '汉', null, '18812341234', '贵州省某区县某小区某栋某层x号', '某某市', null, '');
INSERT INTO `t_stuinfo` VALUES ('631406070119', '王飞', '14级物联1班', '男', '511325xxxxxxxxxxxx', '汉', null, '18812341234', '四川省某区县某小区某栋某层x号', '某某市', null, '');
INSERT INTO `t_stuinfo` VALUES ('631406070120', '陈元燕', '14级物联1班', '女', '460006xxxxxxxxxxxx', '汉', null, '18812341234', '海南省某区县某小区某栋某层x号', '某某市', null, '');
INSERT INTO `t_stuinfo` VALUES ('631406070121', '王莉', '14级物联1班', '女', '513029xxxxxxxxxxxx', '汉', null, '18812341234', '新疆省某区县某小区某栋某层x号', '某某市', null, '');
INSERT INTO `t_stuinfo` VALUES ('631406070122', '周星', '14级物联1班', '男', '500107xxxxxxxxxxxx', '汉', null, '18812341234', '重庆市某区县某小区某栋某层x号', '某某市', null, '');
INSERT INTO `t_stuinfo` VALUES ('631406070123', '陈康佳', '14级物联1班', '男', '460028xxxxxxxxxxxx', '汉', null, '18812341234', '海南省某区县某小区某栋某层x号', '某某市', null, '');
INSERT INTO `t_stuinfo` VALUES ('631406070124', '谢佳洋', '14级物联1班', '男', '500105xxxxxxxxxxxx', '汉', null, '18812341234', '重庆市某区县某小区某栋某层x号', '某某市', null, '');
INSERT INTO `t_stuinfo` VALUES ('631406070125', '杨俊', '14级物联1班', '男', '500241xxxxxxxxxxxx', '土家族', null, '18812341234', '重庆市某区县某小区某栋某层x号', '某某市', null, '');
INSERT INTO `t_stuinfo` VALUES ('631406070127', '杨芯笼', '14级物联1班', '男', '500241xxxxxxxxxxxx', '汉', null, '18812341234', '重庆市某区县某小区某栋某层x号', '某某市', null, '');
INSERT INTO `t_stuinfo` VALUES ('631406070128', '郑彦佳', '14级物联1班', '男', '440582xxxxxxxxxxxx', '汉', null, '18812341234', '广东省某区县某小区某栋某层x号', '某某市', null, '');
INSERT INTO `t_stuinfo` VALUES ('631406070129', '南松辰', '14级物联1班', '男', '612501xxxxxxxxxxxx', '汉', null, '18812341234', '陕西省某区县某小区某栋某层x号', '某某市', null, '');
INSERT INTO `t_stuinfo` VALUES ('631406070130', '崔雅云', '14级物联1班', '女', '500106xxxxxxxxxxxx', '汉', null, '18812341234', '重庆市某区县某小区某栋某层x号', '某某市', null, '');
INSERT INTO `t_stuinfo` VALUES ('631406070131', '邹纪云', '14级物联1班', '男', '510824xxxxxxxxxxxx', '汉', null, '18812341234', '河北省某区县某小区某栋某层x号', '某某市', null, '');
INSERT INTO `t_stuinfo` VALUES ('631406070132', '唐小雪', '14级物联1班', '女', '500221xxxxxxxxxxxx', '汉', null, '18812341234', '重庆市某区县某小区某栋某层x号', '某某市', null, '');
INSERT INTO `t_teaclogin` VALUES ('1001', '娄路', '娄老师', '111');
INSERT INTO `t_teaclogin` VALUES ('1002', '李韧', '李老师', '111');
INSERT INTO `t_teaclogin` VALUES ('1003', '王家伟', '王主任', '111');
INSERT INTO `t_teaclogin` VALUES ('1004', '杨建喜', '杨院长', '111');
INSERT INTO `t_teaclogin` VALUES ('1005', '罗宪', '罗书记', '111');
INSERT INTO `t_stulog` VALUES ('631406010109', '6cc5d3d949bf308ba75432c26bb8cd7c', '2017-06-06 10:28:47', '测试文章1', '测试文章1，测试文章1，测试文章1，测试文章1，测试文章1，测试文章1，测试文章1，测试文章1，测试文章1，测试文章1，测试文章1，测试文章1，测试文章1，测试文章1，测试文章1，测试文章1，测试文章1，测试文章1，测试文章1，测试文章1，测试文章1，测试文章1，测试文章1，测试文章1，测试文章1，测试文章1，测试文章1，测试文章1，测试文章1，测试文章1，测试文章1，测试文章1，测试文章1，测试文章1，测试文章1，测试文章1，测试文章1，测试文章1，测试文章1，测试文章1，测试文章1，测试文章1，测试文章1，测试文章1，测试文章1，测试文章1，测试文章1，测试文章1，测试文章1，测试文章1，测试文章1，测试文章1，测试文章1，测试文章1，测试文章1，测试文章1，测试文章1，测试文章1，测试文章1，测试文章1，测试文章1，测试文章1，测试文章1，测试文章1，测试文章1，测试文章1，测试文章1，测试文章1，测试文章1，测试文章1，测试文章1，测试文章1，测试文章1，测试文章1，测试文章1，测试文章1，测试文章1，测试文章1，测试文章1，测试文章1，测试文章1，测试文章1。', '0');
INSERT INTO `t_stulog` VALUES ('631406010109', '6cc5d3d949bf318ba75432c26bb8cd7c', '2017-06-07 11:23:42', '测试文章2', '测试文章，测试文章。测试文章，测试文章。测试文章，测试文章。测试文章，测试文章。测试文章，测试文章。测试文章，测试文章。测试文章，测试文章。测试文章，测试文章。测试文章，测试文章。测试文章，测试文章。测试文章，测试文章。测试文章，测试文章。测试文章，测试文章。测试文章，测试文章。测试文章，测试文章。测试文章，测试文章。测试文章，测试文章。测试文章，测试文章。测试文章，测试文章。测试文章，测试文章。测试文章，测试文章。测试文章，测试文章。测试文章，测试文章。测试文章，测试文章。测试文章，测试文章。测试文章，测试文章。测试文章，测试文章。测试文章，测试文章。测试文章，测试文章。测试文章，测试文章。测试文章，测试文章。测试文章，测试文章。测试文章，测试文章。测试文章，测试文章。测试文章，测试文章。测试文章，测试文章。测试文章，测试文章。测试文章，测试文章。测试文章，测试文章。测试文章，测试文章。测试文章，测试文章。测试文章，测试文章。测试文章，测试文章。测试文章，测试文章。测试文章，测试文章。测试文章，测试文章。测试文章，测试文章。测试文章，测试文章。测试文章，测试文章。', '1');
INSERT INTO `t_stulog` VALUES ('631406010109', '6cc5d3d949bf328ba75432c26bb8cd7c', '2017-06-08 11:28:27', '测试文章3', '测试文章，测试文章。测试文章，测试文章。测试文章，测试文章。测试文章，测试文章。测试文章，测试文章。测试文章，测试文章。测试文章，测试文章。测试文章，测试文章。测试文章，测试文章。测试文章，测试文章。测试文章，测试文章。测试文章，测试文章。测试文章，测试文章。测试文章，测试文章。测试文章，测试文章。测试文章，测试文章。测试文章，测试文章。测试文章，测试文章。测试文章，测试文章。测试文章，测试文章。测试文章，测试文章。测试文章，测试文章。测试文章，测试文章。测试文章，测试文章。测试文章，测试文章。测试文章，测试文章。测试文章，测试文章。测试文章，测试文章。测试文章，测试文章。测试文章，测试文章。测试文章，测试文章。测试文章，测试文章。测试文章，测试文章。测试文章，测试文章。测试文章，测试文章。测试文章，测试文章。测试文章，测试文章。测试文章，测试文章。测试文章，测试文章。测试文章，测试文章。测试文章，测试文章。测试文章，测试文章。测试文章，测试文章。测试文章，测试文章。测试文章，测试文章。测试文章，测试文章。测试文章，测试文章。测试文章，测试文章。测试文章，测试文章。', '0');
INSERT INTO `t_stulog` VALUES ('631406010109', '6cc5d3d949bf338ba75432c26bb8cd7c', '2017-06-08 14:18:41', '测试文章4', '测试文章，测试文章。测试文章，测试文章。测试文章，测试文章。测试文章，测试文章。测试文章，测试文章。测试文章，测试文章。测试文章，测试文章。测试文章，测试文章。测试文章，测试文章。测试文章，测试文章。测试文章，测试文章。测试文章，测试文章。测试文章，测试文章。测试文章，测试文章。测试文章，测试文章。测试文章，测试文章。测试文章，测试文章。测试文章，测试文章。测试文章，测试文章。测试文章，测试文章。测试文章，测试文章。测试文章，测试文章。测试文章，测试文章。测试文章，测试文章。测试文章，测试文章。测试文章，测试文章。测试文章，测试文章。测试文章，测试文章。测试文章，测试文章。测试文章，测试文章。测试文章，测试文章。测试文章，测试文章。测试文章，测试文章。测试文章，测试文章。测试文章，测试文章。测试文章，测试文章。测试文章，测试文章。测试文章，测试文章。测试文章，测试文章。测试文章，测试文章。测试文章，测试文章。测试文章，测试文章。测试文章，测试文章。测试文章，测试文章。测试文章，测试文章。测试文章，测试文章。测试文章，测试文章。测试文章，测试文章。测试文章，测试文章。', '1');
INSERT INTO `t_stulog` VALUES ('631406010109', '6cc5d3d949bf348ba75432c26bb8cd7c', '2017-06-09 16:27:45', '测试文章5', '测试文章，测试文章。测试文章，测试文章。测试文章，测试文章。测试文章，测试文章。测试文章，测试文章。测试文章，测试文章。测试文章，测试文章。测试文章，测试文章。测试文章，测试文章。测试文章，测试文章。测试文章，测试文章。测试文章，测试文章。测试文章，测试文章。测试文章，测试文章。测试文章，测试文章。测试文章，测试文章。测试文章，测试文章。测试文章，测试文章。测试文章，测试文章。测试文章，测试文章。测试文章，测试文章。测试文章，测试文章。测试文章，测试文章。测试文章，测试文章。测试文章，测试文章。测试文章，测试文章。测试文章，测试文章。测试文章，测试文章。测试文章，测试文章。测试文章，测试文章。测试文章，测试文章。测试文章，测试文章。测试文章，测试文章。测试文章，测试文章。测试文章，测试文章。测试文章，测试文章。测试文章，测试文章。测试文章，测试文章。测试文章，测试文章。测试文章，测试文章。测试文章，测试文章。测试文章，测试文章。测试文章，测试文章。测试文章，测试文章。测试文章，测试文章。测试文章，测试文章。测试文章，测试文章。测试文章，测试文章。测试文章，测试文章。', '0');
INSERT INTO `t_stulog` VALUES ('631406010109', '6cc5d3d949bf358ba75432c26bb8cd7c', '2017-06-10 11:24:41', '测试文章6', '测试文章，测试文章。测试文章，测试文章。测试文章，测试文章。测试文章，测试文章。测试文章，测试文章。测试文章，测试文章。测试文章，测试文章。测试文章，测试文章。测试文章，测试文章。测试文章，测试文章。测试文章，测试文章。测试文章，测试文章。测试文章，测试文章。测试文章，测试文章。测试文章，测试文章。测试文章，测试文章。测试文章，测试文章。测试文章，测试文章。测试文章，测试文章。测试文章，测试文章。测试文章，测试文章。测试文章，测试文章。测试文章，测试文章。测试文章，测试文章。测试文章，测试文章。测试文章，测试文章。测试文章，测试文章。测试文章，测试文章。测试文章，测试文章。测试文章，测试文章。测试文章，测试文章。测试文章，测试文章。测试文章，测试文章。测试文章，测试文章。测试文章，测试文章。测试文章，测试文章。测试文章，测试文章。测试文章，测试文章。测试文章，测试文章。测试文章，测试文章。测试文章，测试文章。测试文章，测试文章。测试文章，测试文章。测试文章，测试文章。测试文章，测试文章。测试文章，测试文章。测试文章，测试文章。测试文章，测试文章。测试文章，测试文章。', '1');
INSERT INTO `t_stulog` VALUES ('631406010109', '6cc5d3d949bf368ba75432c26bb8cd7c', '2017-06-13 14:21:27', '测试文章7', '测试文章，测试文章。测试文章，测试文章。测试文章，测试文章。测试文章，测试文章。测试文章，测试文章。测试文章，测试文章。测试文章，测试文章。测试文章，测试文章。测试文章，测试文章。测试文章，测试文章。测试文章，测试文章。测试文章，测试文章。测试文章，测试文章。测试文章，测试文章。测试文章，测试文章。测试文章，测试文章。测试文章，测试文章。测试文章，测试文章。测试文章，测试文章。测试文章，测试文章。测试文章，测试文章。测试文章，测试文章。测试文章，测试文章。测试文章，测试文章。测试文章，测试文章。测试文章，测试文章。测试文章，测试文章。测试文章，测试文章。测试文章，测试文章。测试文章，测试文章。测试文章，测试文章。测试文章，测试文章。测试文章，测试文章。测试文章，测试文章。测试文章，测试文章。测试文章，测试文章。测试文章，测试文章。测试文章，测试文章。测试文章，测试文章。测试文章，测试文章。测试文章，测试文章。测试文章，测试文章。测试文章，测试文章。测试文章，测试文章。测试文章，测试文章。测试文章，测试文章。测试文章，测试文章。测试文章，测试文章。测试文章，测试文章。', '0');
INSERT INTO `t_stulog` VALUES ('631406010102', '6cc5d3d949bf378ba75432c26bb8cd7c', '2017-06-06 16:28:47', '测试文章8', '测试文章，测试文章。测试文章，测试文章。测试文章，测试文章。测试文章，测试文章。测试文章，测试文章。测试文章，测试文章。测试文章，测试文章。测试文章，测试文章。测试文章，测试文章。测试文章，测试文章。测试文章，测试文章。测试文章，测试文章。测试文章，测试文章。测试文章，测试文章。测试文章，测试文章。测试文章，测试文章。测试文章，测试文章。测试文章，测试文章。测试文章，测试文章。测试文章，测试文章。测试文章，测试文章。测试文章，测试文章。测试文章，测试文章。测试文章，测试文章。测试文章，测试文章。测试文章，测试文章。测试文章，测试文章。测试文章，测试文章。测试文章，测试文章。测试文章，测试文章。测试文章，测试文章。测试文章，测试文章。测试文章，测试文章。测试文章，测试文章。测试文章，测试文章。测试文章，测试文章。测试文章，测试文章。测试文章，测试文章。测试文章，测试文章。测试文章，测试文章。测试文章，测试文章。测试文章，测试文章。测试文章，测试文章。测试文章，测试文章。测试文章，测试文章。测试文章，测试文章。测试文章，测试文章。测试文章，测试文章。测试文章，测试文章。', '1');
INSERT INTO `t_stulog` VALUES ('631406010102', '6cc5d3d949bf388ba75432c26bb8cd7c', '2017-06-07 18:23:41', '测试文章9', '测试文章，测试文章。测试文章，测试文章。测试文章，测试文章。测试文章，测试文章。测试文章，测试文章。测试文章，测试文章。测试文章，测试文章。测试文章，测试文章。测试文章，测试文章。测试文章，测试文章。测试文章，测试文章。测试文章，测试文章。测试文章，测试文章。测试文章，测试文章。测试文章，测试文章。测试文章，测试文章。测试文章，测试文章。测试文章，测试文章。测试文章，测试文章。测试文章，测试文章。测试文章，测试文章。测试文章，测试文章。测试文章，测试文章。测试文章，测试文章。测试文章，测试文章。测试文章，测试文章。测试文章，测试文章。测试文章，测试文章。测试文章，测试文章。测试文章，测试文章。测试文章，测试文章。测试文章，测试文章。测试文章，测试文章。测试文章，测试文章。测试文章，测试文章。测试文章，测试文章。测试文章，测试文章。测试文章，测试文章。测试文章，测试文章。测试文章，测试文章。测试文章，测试文章。测试文章，测试文章。测试文章，测试文章。测试文章，测试文章。测试文章，测试文章。测试文章，测试文章。测试文章，测试文章。测试文章，测试文章。测试文章，测试文章。', '0');
INSERT INTO `t_stulog` VALUES ('631406010102', '6cc5d3d949bf398ba75432c26bb8cd7c', '2017-06-09 20:22:40', '测试文章10', '测试文章，测试文章。测试文章，测试文章。测试文章，测试文章。测试文章，测试文章。测试文章，测试文章。测试文章，测试文章。测试文章，测试文章。测试文章，测试文章。测试文章，测试文章。测试文章，测试文章。测试文章，测试文章。测试文章，测试文章。测试文章，测试文章。测试文章，测试文章。测试文章，测试文章。测试文章，测试文章。测试文章，测试文章。测试文章，测试文章。测试文章，测试文章。测试文章，测试文章。测试文章，测试文章。测试文章，测试文章。测试文章，测试文章。测试文章，测试文章。测试文章，测试文章。测试文章，测试文章。测试文章，测试文章。测试文章，测试文章。测试文章，测试文章。测试文章，测试文章。测试文章，测试文章。测试文章，测试文章。测试文章，测试文章。测试文章，测试文章。测试文章，测试文章。测试文章，测试文章。测试文章，测试文章。测试文章，测试文章。测试文章，测试文章。测试文章，测试文章。测试文章，测试文章。测试文章，测试文章。测试文章，测试文章。测试文章，测试文章。测试文章，测试文章。测试文章，测试文章。测试文章，测试文章。测试文章，测试文章。测试文章，测试文章。', '1');
INSERT INTO `t_stulog` VALUES ('631406010102', '6cc5d3d949bf308ba15432c26bb8cd7c', '2017-06-10 11:28:49', '测试文章11', '测试文章，测试文章。测试文章，测试文章。测试文章，测试文章。测试文章，测试文章。测试文章，测试文章。测试文章，测试文章。测试文章，测试文章。测试文章，测试文章。测试文章，测试文章。测试文章，测试文章。测试文章，测试文章。测试文章，测试文章。测试文章，测试文章。测试文章，测试文章。测试文章，测试文章。测试文章，测试文章。测试文章，测试文章。测试文章，测试文章。测试文章，测试文章。测试文章，测试文章。测试文章，测试文章。测试文章，测试文章。测试文章，测试文章。测试文章，测试文章。测试文章，测试文章。测试文章，测试文章。测试文章，测试文章。测试文章，测试文章。测试文章，测试文章。测试文章，测试文章。测试文章，测试文章。测试文章，测试文章。测试文章，测试文章。测试文章，测试文章。测试文章，测试文章。测试文章，测试文章。测试文章，测试文章。测试文章，测试文章。测试文章，测试文章。测试文章，测试文章。测试文章，测试文章。测试文章，测试文章。测试文章，测试文章。测试文章，测试文章。测试文章，测试文章。测试文章，测试文章。测试文章，测试文章。测试文章，测试文章。测试文章，测试文章。', '0');
INSERT INTO `t_stulog` VALUES ('631406010102', '6cc5d3d949bf308ba25432c26bb8cd7c', '2017-06-11 13:25:57', '测试文章12', '测试文章，测试文章。测试文章，测试文章。测试文章，测试文章。测试文章，测试文章。测试文章，测试文章。测试文章，测试文章。测试文章，测试文章。测试文章，测试文章。测试文章，测试文章。测试文章，测试文章。测试文章，测试文章。测试文章，测试文章。测试文章，测试文章。测试文章，测试文章。测试文章，测试文章。测试文章，测试文章。测试文章，测试文章。测试文章，测试文章。测试文章，测试文章。测试文章，测试文章。测试文章，测试文章。测试文章，测试文章。测试文章，测试文章。测试文章，测试文章。测试文章，测试文章。测试文章，测试文章。测试文章，测试文章。测试文章，测试文章。测试文章，测试文章。测试文章，测试文章。测试文章，测试文章。测试文章，测试文章。测试文章，测试文章。测试文章，测试文章。测试文章，测试文章。测试文章，测试文章。测试文章，测试文章。测试文章，测试文章。测试文章，测试文章。测试文章，测试文章。测试文章，测试文章。测试文章，测试文章。测试文章，测试文章。测试文章，测试文章。测试文章，测试文章。测试文章，测试文章。测试文章，测试文章。测试文章，测试文章。测试文章，测试文章。', '1');
INSERT INTO `t_stulog` VALUES ('631406010102', '6cc5d3d949bf308ba35432c26bb8cd7c', '2017-06-11 15:20:17', '测试文章13', '测试文章，测试文章。测试文章，测试文章。测试文章，测试文章。测试文章，测试文章。测试文章，测试文章。测试文章，测试文章。测试文章，测试文章。测试文章，测试文章。测试文章，测试文章。测试文章，测试文章。测试文章，测试文章。测试文章，测试文章。测试文章，测试文章。测试文章，测试文章。测试文章，测试文章。测试文章，测试文章。测试文章，测试文章。测试文章，测试文章。测试文章，测试文章。测试文章，测试文章。测试文章，测试文章。测试文章，测试文章。测试文章，测试文章。测试文章，测试文章。测试文章，测试文章。测试文章，测试文章。测试文章，测试文章。测试文章，测试文章。测试文章，测试文章。测试文章，测试文章。测试文章，测试文章。测试文章，测试文章。测试文章，测试文章。测试文章，测试文章。测试文章，测试文章。测试文章，测试文章。测试文章，测试文章。测试文章，测试文章。测试文章，测试文章。测试文章，测试文章。测试文章，测试文章。测试文章，测试文章。测试文章，测试文章。测试文章，测试文章。测试文章，测试文章。测试文章，测试文章。测试文章，测试文章。测试文章，测试文章。测试文章，测试文章。', '0');
INSERT INTO `t_stulog` VALUES ('631406010102', '6cc5d3d949bf308ba45432c26bb8cd7c', '2017-06-12 17:26:23', '测试文章14', '测试文章，测试文章。测试文章，测试文章。测试文章，测试文章。测试文章，测试文章。测试文章，测试文章。测试文章，测试文章。测试文章，测试文章。测试文章，测试文章。测试文章，测试文章。测试文章，测试文章。测试文章，测试文章。测试文章，测试文章。测试文章，测试文章。测试文章，测试文章。测试文章，测试文章。测试文章，测试文章。测试文章，测试文章。测试文章，测试文章。测试文章，测试文章。测试文章，测试文章。测试文章，测试文章。测试文章，测试文章。测试文章，测试文章。测试文章，测试文章。测试文章，测试文章。测试文章，测试文章。测试文章，测试文章。测试文章，测试文章。测试文章，测试文章。测试文章，测试文章。测试文章，测试文章。测试文章，测试文章。测试文章，测试文章。测试文章，测试文章。测试文章，测试文章。测试文章，测试文章。测试文章，测试文章。测试文章，测试文章。测试文章，测试文章。测试文章，测试文章。测试文章，测试文章。测试文章，测试文章。测试文章，测试文章。测试文章，测试文章。测试文章，测试文章。测试文章，测试文章。测试文章，测试文章。测试文章，测试文章。测试文章，测试文章。', '1');
INSERT INTO `t_stulogin` VALUES ('631406010102', '莫穿哥', '111');
INSERT INTO `t_stulogin` VALUES ('631406010109', '郭大神丶', '111');
INSERT INTO `t_stulogin` VALUES ('631406070101', '华美女', '111');
INSERT INTO `t_sturewpun` VALUES ('631406010102', '54e8b6fa315f1308449404227490b354', '2017-06-11', '重庆交通大学程序设计大赛二等奖', '1');
INSERT INTO `t_sturewpun` VALUES ('631406010102', 'bfcb425cb747718985a4ead9f6b27052', '2017-06-11', '打架（并没有打过架，这只是个测试）', '0');
INSERT INTO `t_sturewpun` VALUES ('631406010109', '7251c3b686f8f919a9844af875573021', '2017-06-11', '重庆交通大学程序设计大赛二等奖', '1');
INSERT INTO `t_sturewpun` VALUES ('631406010109', 'c650685b94d59b6a3fc4ffdf4c860f4b', '2017-06-11', '蓝桥杯省赛一等奖', '1');
INSERT INTO `t_sturewpun` VALUES ('631406010109', 'df255df7a5eb81883cd4dea3bf647fa3', '2017-06-11', '打架（并没有打过架，这只是个测试）', '0');
INSERT INTO `t_sturewpun` VALUES ('631406010109', 'f5393f8eedde021b1b544364b11f4a3c', '2017-06-11', '蓝桥杯国赛三等奖', '1');
INSERT INTO `t_tassess` VALUES ('1001', '631406010102', '5181be18661147880dc4109533c08d4f', '2017-06-11 00:31:01', '也很不错', '多媒体技术');
INSERT INTO `t_tassess` VALUES ('1001', '631406010102', '564a23ec7ca32d5ae9944e3a540b1d5e', '2017-06-11 01:01:18', '很刻苦！', '项目实训二');
INSERT INTO `t_tassess` VALUES ('1001', '631406010109', '2950fb7d2c4bf3b9d4c41bc4cd764726', '2017-06-11 21:13:12', '好孩子', '项目实训二');
INSERT INTO `t_tassess` VALUES ('1001', '631406010109', '40089eb214df0e3b8ec4f24580f1e892', '2017-06-11 00:48:12', '加油！你最棒！', '项目实训二');
INSERT INTO `t_tassess` VALUES ('1001', '631406010109', 'cdd5200e742fe879dbd4a1ba27932675', '2017-06-06 13:58:19', '这个学生很踏实，这个学生很踏实，这个学生很踏实，这个学生很踏实，这个学生很踏实。', '移动互联APP');
INSERT INTO `t_tassess` VALUES ('1001', '631406010109', 'd757dce3cc8ac37acb44289fcc9893b1', '2017-06-06 13:45:26', '这个学生很上进，这个学生很上进，这个学生很上进，这个学生很上进，这个学生很上进。', '多媒体技术');
INSERT INTO `t_tassess` VALUES ('1001', '631406010126', '01b78b5df5c04268a3a452896a57418b', '2017-06-11 00:32:12', '很尽职尽责', '移动互联APP');
INSERT INTO `t_tassess` VALUES ('1002', '631406010109', '0277c7a2ab6e2e6b3fc41c3637dd1bdc', '2017-06-06 13:47:37', '这个学生很调皮，这个学生很调皮，这个学生很调皮，这个学生很调皮，这个学生很调皮。', '软件工程');
INSERT INTO `t_tassess` VALUES ('1003', '631406010109', 'ed2ae230112709ba0bf4541055408da7', '2017-06-06 13:48:44', '这个学生很聪明，这个学生很聪明，这个学生很聪明，这个学生很聪明，这个学生很聪明。', '数据库原理');
INSERT INTO `t_tassess` VALUES ('1004', '631406010109', '45d44fa3113c640b9d3449de617b058f', '2017-06-06 13:49:51', '这个学生很厉害，这个学生很厉害，这个学生很厉害，这个学生很厉害，这个学生很厉害。', 'JAVA程序设计');
INSERT INTO `t_tassess` VALUES ('1005', '631406010109', '65395a8a4ca2e668ba042b79e015c829', '2017-06-06 13:50:58', '这个学生很勤奋，这个学生很勤奋，这个学生很勤奋，这个学生很勤奋，这个学生很勤奋。', 'C++面向对象编程');
INSERT INTO `t_stuassess` VALUES ('631406010109', '0277c7a2ab6e2e6b3fc41c3637dd1bdc', '2017-06-06 13:47:37', '测试2，测试2，测试2，测试2，测试2，测试2。', '631406070102', '同学');
INSERT INTO `t_stuassess` VALUES ('631406010109', '0c3a13b70d16d399d534677c3e1d2ea7', '2017-06-10 20:52:08', '超级厉害超级帅！', '631406010102', '室友');
INSERT INTO `t_stuassess` VALUES ('631406010109', '0d7b58793cee49db7d84ee74aa8b0d60', '2017-06-10 20:40:47', '这个人很厉害!!', '631406070101', '同学');
INSERT INTO `t_stuassess` VALUES ('631406010109', '45d44fa3113c640b9d3449de617b058f', '2017-06-06 13:49:51', '测试4，测试4，测试4，测试4，测试4，测试4。', '631406010126', '班长');
INSERT INTO `t_stuassess` VALUES ('631406010109', '65395a8a4ca2e668ba042b79e015c829', '2017-06-06 13:50:58', '测试5，测试5，测试5，测试5，测试5，测试5。', '631406070103', '同学');
INSERT INTO `t_stuassess` VALUES ('631406010109', 'cdd5200e742fe879dbd4a1ba27932675', '2017-06-06 13:58:19', '测试6，测试6，测试6，测试6，测试6，测试6。', '631406070104', '同学');
INSERT INTO `t_stuassess` VALUES ('631406010109', 'd757dce3cc8ac37acb44289fcc9893b1', '2017-06-06 13:45:26', '测试1，测试1，测试1，测试1，测试1，测试1。', '631406070101', '同学');
INSERT INTO `t_stuassess` VALUES ('631406010109', 'ed2ae230112709ba0bf4541055408da7', '2017-06-06 13:48:44', '测试3，测试3，测试3，测试3，测试3，测试3。', '631406010102', '室友');
INSERT INTO `t_stuscore` VALUES ('631406010109', 'C++面向对象编程', '1', '98');
INSERT INTO `t_stuscore` VALUES ('631406010109', 'JAVA程序设计', '2', '93');
INSERT INTO `t_stuscore` VALUES ('631406010109', '大学体育', '2', '87');
INSERT INTO `t_stuscore` VALUES ('631406010109', '大学物理', '2', '72');
INSERT INTO `t_stuscore` VALUES ('631406010109', '大学英语', '2', '60');
INSERT INTO `t_stuscore` VALUES ('631406010109', '数据库原理', '3', '95');
INSERT INTO `t_stuscore` VALUES ('631406010109', '模拟电子技术', '1', '73');
INSERT INTO `t_stuscore` VALUES ('631406010109', '移动互联APP', '3', '91');
INSERT INTO `t_stuscore` VALUES ('631406010109', '算法与数据结构', '2', '98');
INSERT INTO `t_stuscore` VALUES ('631406010109', '计算机基础', '1', '93');
INSERT INTO `t_stuscore` VALUES ('631406010109', '计算机网络', '3', '82');
INSERT INTO `t_stuscore` VALUES ('631406010109', '高等数学', '1', '87');
INSERT INTO `t_stuscore` VALUES ('631406010102', 'C++面向对象编程', '1', '78');
INSERT INTO `t_stuscore` VALUES ('631406010102', 'JAVA程序设计', '2', '81');
INSERT INTO `t_stuscore` VALUES ('631406010102', '大学体育', '2', '86');
INSERT INTO `t_stuscore` VALUES ('631406010102', '大学物理', '2', '72');
INSERT INTO `t_stuscore` VALUES ('631406010102', '大学英语', '2', '80');
INSERT INTO `t_stuscore` VALUES ('631406010102', '数据库原理', '3', '85');
INSERT INTO `t_stuscore` VALUES ('631406010102', '模拟电子技术', '1', '93');
INSERT INTO `t_stuscore` VALUES ('631406010102', '移动互联APP', '3', '81');
INSERT INTO `t_stuscore` VALUES ('631406010102', '算法与数据结构', '2', '78');
INSERT INTO `t_stuscore` VALUES ('631406010102', '计算机基础', '1', '83');
INSERT INTO `t_stuscore` VALUES ('631406010102', '计算机网络', '3', '92');
INSERT INTO `t_stuscore` VALUES ('631406010102', '高等数学', '1', '77');
